basinid,centroidid,centrx,centry,elev_m,avgelev_m,area_km2,length_m,skyview,basin_id
1010,1010,685547.3636,5101156.91,424.6589966,741.938152,6.3404,1158.82251,0.898124173,1010
1054,1054,684523.5807,5100201.051,445.8770142,786.0909735,7.0624,1228.528137,0.892707571,1054
1056,1056,697235.4096,5100490.427,595.4229736,773.7606368,4.4824,1929.360749,0.703749885,1056
1118,1118,699476.1578,5102073.051,1164.525024,786.7770832,7.5936,6709.259736,0.781201153,1118
1127,1127,683266.528,5099644.332,487.5230103,845.5394171,7.5956,2633.036072,0.894805488,1127
1133,1133,679156.1008,5101097.249,1368.755005,1413.054066,4.1116,2018.233765,0.875372994,1133
1138,1138,671668.6992,5100803.533,728.2210083,772.2673202,7.573852228,5885.497819,0.890662793,1138
116,0116,692626.4938,5115776.656,1730.093018,1950.568694,7.8832,4391.858582,0.875103801,116
1164,1164,676149.4214,5101213.257,964.8369751,1036.583304,8.540413028,6895.389958,0.791772314,1164
1168,1168,703871.1814,5100559.587,873.2479858,832.5679622,4.2256,3632.203461,0.716235787,1168
1173,1173,689786.0048,5098412.154,895.2139893,1121.782134,5.2132,1987.939392,0.818602011,1173
1176,1176,700382.9871,5099457.138,270.4240112,631.6160617,4.2904,2484.507935,0.779062016,1176
1191,1191,698624.3302,5099248.917,1007.125,952.9738245,5.2672,2410.782105,0.59090928,1191
126,0126,686821.6456,5113895.645,1573.442993,1809.112208,4.5552,2679.655121,0.8259698,126
1278,1278,671711.6979,5099360.242,735.0579834,792.2140277,4.203410167,3996.96738,0.875258965,1278
1281,1281,701275.4321,5097769.558,1228.177979,976.6990158,4.7024,2021.665222,0.77838507,1281
1283,1283,689205.2684,5097086.647,1205.327026,1430.493812,4.7984,792.54834,0.732006415,1283
129,0129,694763.6743,5115296.148,1586.102051,1711.347778,4.4896,3826.173157,0.810598198,129
13,0013,694523.2353,5117871.788,2105.485107,2081.60973,6.6888,3847.350647,0.846585148,13
1301,1301,702777.5286,5098887.887,251.8710022,508.1190777,4.0916,2176.812409,0.796229054,1301
1304,1304,680812.8546,5100024.119,1094.686035,1047.829168,4.25,3590.19336,0.904482276,1304
1319,1319,703389.6531,5095960.703,1216.880981,1159.671767,7.922,1090.538239,0.873864049,1319
1323,1323,682422.7136,5098290.476,426.5190125,754.1131573,4.9852,1294.558441,0.8918954,1323
1341,1341,680352.4956,5097395.962,432.678009,619.840708,6.6276,2109.360749,0.918769849,1341
1343,1343,688132.9956,5096525.892,1134.678955,1333.481637,5.4092,1122.253967,0.644363228,1343
1368,1368,676326.097,5099224.529,648.3049927,745.614613,3.738708871,2708.49974,0.879743506,1368
1375,1375,678057.4941,5099198.371,827.8909912,805.3401876,3.95687491,3249.692897,0.846661544,1375
1376,1376,685621.8358,5097080.521,950.1400146,1125.852938,7.0116,4213.624817,0.90821458,1376
1394,1394,672272.376,5095676.632,682.835022,822.5484625,10.4645073,3703.238164,0.943224268,1394
1395,1395,673710.5738,5098002.481,448.2799988,611.7609079,3.235782487,1494.832728,0.940892354,1395
140,0140,702469.0313,5114955.261,2073.806885,2123.389413,4.468,2566.518036,0.716164894,140
1402,1402,686167.5207,5095789.389,1262.465942,1341.352358,5.0272,3537.056275,0.786006882,1402
141,0141,684976.8194,5113490.002,1865.782959,1992.097636,7.0528,2957.056275,0.836944814,141
1413,1413,680029.7104,5095318.747,656.6290283,948.9065375,4.5584,527.6955262,0.728906584,1413
1435,1435,701140.3996,5095704.008,1311.159058,1353.057236,5.8456,3297.056275,0.925073405,1435
1439,1439,678354.7517,5097081.719,441.9119873,470.0289909,4.553232425,1937.401154,0.933923162,1439
1455,1455,676659.3546,5096097.981,461.5339966,479.6316239,5.251042436,2806.556339,0.936410501,1455
1481,1481,679020.7625,5093565.516,1401.541016,1098.350346,8.6556,9394.356416,0.895867443,1481
1484,1484,670236.7549,5097985.91,841.4030151,989.1159126,5.9808,4443.330445,0.902298457,1484
149,0149,688309.2336,5114218.154,1467.82605,1811.343026,7.4944,1656.812409,0.824740924,149
1505,1505,682523.5261,5095803.2,952.2449951,1158.660122,7.174,4829.01587,0.711248491,1505
1510,1510,671906.7664,5094243.425,967.9050293,995.3136948,6.9484,5019.310242,0.938219779,1510
1541,1541,676903.5739,5093562.382,1059.487061,998.9203121,4.1008,237.9898987,0.905747063,1541
1569,1569,675288.0962,5094386.674,576.2290039,692.9830204,4.6244,3593.624817,0.894458871,1569
1623,1623,674013.5464,5093219.4,707.8070068,879.1110266,4.3052,2003.086579,0.820418261,1623
166,0166,695027.1881,5112870.057,1775.021973,1729.104933,5.3288,534.5584412,0.937942332,166
1665,1665,672810.732,5091897.1,746.5419922,1027.265999,5.798,1643.675324,0.855872543,1665
167,0167,697003.8104,5112481.066,1989.206055,2010.388552,6.584,3541.909089,0.873697692,167
1686,1686,672128.088,5090210.174,933.9910278,1139.015287,6.1276,1738.233765,0.637778683,1686
170,0170,700098.9675,5114942.738,1757.042969,2105.198988,7.8876,4415.878785,0.779983115,170
1702,1702,670456.7811,5090587.483,1305.474976,1496.68068,4.9656,2884.507935,0.772379912,1702
1703,1703,673765.0373,5098553.545,448.2799988,448.0683834,5.345290946,0,0.940504667,1703
1704,1704,676317.6909,5098261.75,440.3099976,439.6767456,1.091170766,0,0.924608845,1704
190,0190,690089.3321,5114486.985,1719.577026,1889.178983,6.618,1331.959595,0.826756888,190
223,0223,690922.1348,5113276.318,1654.425049,1783.194515,4.272,434.5584412,0.875467096,223
232,0232,700123.741,5112862.073,1657.366943,1861.377003,5.1452,1778.233765,0.776749903,232
251,0251,702888.5822,5113131.469,1567.772949,1798.644462,4.5536,2521.665222,0.815939172,251
264,0264,693367.0843,5112454.94,1178.608032,1523.790643,5.1268,2061.665222,0.85655501,264
293,0293,703572.2654,5111698.431,1628.790039,1697.22674,4.2924,1240.832611,0.899591264,293
296,0296,688031.7429,5111053.799,1744.972046,1871.171301,7.3856,5700.142853,0.765092643,296
297,0297,690979.3475,5111311.57,1279.380981,1425.852358,5.1,2493.624817,0.766655613,297
323,0323,691962.632,5110346.409,1036.092041,1344.258857,4.6656,1255.391052,0.766429038,323
329,0329,700921.665,5111283.942,1443.218018,1604.065964,4.8864,2332.792206,0.808925861,329
353,0353,704840.7599,5110564.381,1565.932983,1676.748298,4.2112,2825.340546,0.921570512,353
362,0362,695509.4667,5109810.051,1838.974976,1881.968166,4.2456,2570.782105,0.88525383,362
370,0370,700331.9816,5110238.332,1643.504028,1753.745833,5.2908,1097.401154,0.839760614,370
394,0394,693060.3924,5109628.452,831.9390259,1361.051268,5.8516,1916.223664,0.728417782,394
406,0406,687154.0886,5109588.267,1893.935059,1853.98337,5.0628,4015.878785,0.880653273,406
414,0414,697804.0851,5109674.091,1968.649048,1995.090411,5.076,4643.574311,0.806461893,414
417,0417,703214.1571,5109093.032,1304.052002,1346.717058,4.4512,1340.832611,0.920488587,417
420,0420,684716.2623,5108190.868,1764.680054,1935.866559,4.5504,3055.634919,0.840628895,420
457,0457,686285.8209,5107998.617,1477.791992,1683.558036,5.2652,1916.223664,0.855500037,457
461,0461,693183.4875,5108138.864,968.9000244,1281.25761,4.7736,1653.380951,0.824101166,461
491,0491,688243.7877,5107605.939,1222.215942,1456.410544,4.2136,1613.380951,0.805099259,491
50,0050,696918.9043,5115332.02,1719.562012,1979.755555,7.1188,4047.594514,0.753666578,50
518,0518,690107.3969,5107666.698,1197.144043,1369.083389,4.7144,4235.634919,0.728499441,518
546,0546,692940.956,5106721.103,708.1630249,845.2796699,4.3432,2168.528137,0.743660487,546
547,0547,697207.7278,5107251.526,1042.375,1213.492241,6.4308,3894.213562,0.819367215,547
557,0557,704240.776,5107162.381,1275.607056,1354.762875,5.5976,4235.046174,0.828632723,557
559,0559,699820.266,5106222.806,915.1560059,1153.051685,7.218,3913.036072,0.882037051,559
587,0587,689314.3261,5105762.168,786.7160034,936.6544703,4.4752,3651.614716,0.88615028,587
599,0599,698617.6896,5107113.965,1109.656982,1365.03487,6.392,4055.046174,0.889075892,599
642,0642,701606.8508,5106137.582,1421.386963,1155.773021,12.9492,4714.457429,0.862203757,642
708,0708,695002.5673,5106086.575,665.15802,880.6893152,8.0552,7054.701295,0.902040749,708
723,0723,683222.9581,5105328.576,1670.135986,1806.562277,7.832,4741.320344,0.834052632,723
736,0736,703725.984,5104494.25,862.7180176,903.0875716,6.6524,1796.812409,0.884150333,736
742,0742,685891.4991,5104981.801,1355.503052,1339.178678,5.6916,6013.868684,0.853607216,742
749,0749,682424.1999,5103124.192,1463.597046,1581.526786,6.2916,1255.391052,0.816165958,749
765,0765,688487.2763,5104637.74,760.9169922,869.1152548,4.0636,851.1269837,0.899383875,765
783,0783,689251.1406,5101646.395,486.4429932,674.5594879,4.9204,951.1269837,0.89134712,783
796,0796,687397.9338,5103463.058,678.6660156,678.7927192,5.6956,1903.086579,0.916069761,796
803,0803,690934.4525,5100241.707,676.3499756,950.8950343,9.9864,929.1168825,0.672111005,803
812,0812,687972.4618,5101667.261,439.2460022,536.910914,4.2652,4237.300141,0.810566341,812
838,0838,691312.0329,5104407.221,538.6539917,740.1236082,4.136,795.9797975,0.914298851,838
843,0843,684886.3689,5104220.44,1204.629028,1252.521339,4.272,2462.497834,0.875058347,843
889,0889,695864.2951,5104319.197,521.223999,600.7336132,4.0232,344.8528137,0.862495808,889
894,0894,693456.5221,5104900.725,459.855011,523.0067914,4.2692,224.8528137,0.922084935,894
895,0895,694182.085,5100335.154,806.8610229,1018.056794,7.0524,786.27417,0.527786875,895
898,0898,692770.0875,5102822.39,353.131012,501.2948311,7.768,2641.665222,0.923204414,898
901,0901,703637.896,5102701.732,622.2089844,912.655679,5.2928,1740.243866,0.775448589,901
902,0902,692176.3599,5099786.07,1094.098999,1195.506186,4.4504,4960.731599,0.837039071,902
940,0940,697208.6242,5102885.904,791.0900269,676.0491428,4.3496,4447.594514,0.795196625,940
944,0944,695681.5148,5100585.254,645.4240112,992.1177685,7.2776,1393.969696,0.783955145,944
962,0962,673873.5239,5102651.305,552.6259766,652.3656789,9.080114441,7894.723666,0.894615063,962
971,0971,701463.5772,5101906.972,1122.796997,1161.413181,5.5396,497.9898987,0.917447118,971
